customer_id,first_name,last_name,gender,email,phone,country,order_id
1,Jason,Thompson,Male,jh60@rocketmail.com,212-160-0606,Portugal,462
2,Kimberly,Williams,Female,kimberlymariewilliams@ymail.com,435-906-4550,France,266
3,Jonathan,Mitchell,Male,jonathan_matthew44@ymail.com,351-541-5867,Russia,27
4,Amelia,Hall,Female,amelia_j_hall@yahoo.com,737-507-1514,Russia,77
5,Melissa,Simmons,Female,melissasimmons@yahoo.com,602-090-1095,United States,827
6,Alexandra,Wilson,Female,a.j.wilson@yahoo.com,952-070-5087,Czech Republic,745
7,Kelsey,Alexander,Female,kelsey.michelle.alexander@aol.com,302-699-3180,Indonesia,774
8,Jennifer,Cook,Female,jcook41@gmail.com,210-418-7770,China,273
9,Mark,Butler,Male,markbutler@outlook.com,217-069-3955,Nigeria,138
10,Courtney,Allen,Female,c_m_allen@live.com,573-619-0765,Poland,427
11,Jason,Smith,Male,jason_smith@aol.com,731-461-3254,Saudi Arabia,453
12,Kevin,Torres,Male,ketorres@yahoo.com,419-819-2582,Indonesia,927
13,Alexis,Thompson,Female,alexis_m_thompson@outlook.com,718-602-6387,Colombia,15
14,Ashley,Hughes,Female,ashley_m_hughes@gmail.com,414-646-9175,France,23
15,Tiffany,Bennett,Female,t.bennett@outlook.com,845-535-3746,Indonesia,634
16,James,Baker,Male,j_m@ymail.com,615-070-5898,Guinea-Bissau,762
17,Rachel,Gray,Female,r_gray@hotmail.com,775-641-3157,Indonesia,593
18,Rachel,Bell,Female,rachel@aol.com,843-196-7722,Peru,715
19,Anthony,Murphy,Male,anthonymurphy@ymail.com,870-487-1227,Kosovo,230
20,Michelle,Henderson,Female,michelle_irene@gmail.com,847-593-1727,Philippines,553
21,Jeremy,Turner,Male,jrturner@aol.com,870-670-2495,China,658
22,Ryan,Moore,Male,rjmoore@rocketmail.com,847-075-4763,Mexico,516
23,Henry,Bennett,Male,henry.bennett@aol.com,716-286-4998,Morocco,785
24,Kyle,Hernandez,Male,k_a_hernandez@outlook.com,260-811-4893,China,951
25,Amanda,Hernandez,Female,arhernandez@hotmail.com,985-664-4570,China,974
26,Layla,Powell,Female,laylakpowell45@rocketmail.com,951-484-9265,Philippines,124
27,Grace,Coleman,Female,g.j.coleman@ymail.com,309-443-7078,China,262
28,Isaac,Morris,Male,i.g.morris@live.com,262-341-7759,Japan,548
29,Alyssa,Bennett,Female,a.a@gmail.com,828-507-9239,Ukraine,608
30,Alexis,Davis,Female,alexisdavis@live.com,512-921-5845,Estonia,403
31,Emily,Lopez,Female,e_lopez@outlook.com,762-179-8520,China,512
32,Jennifer,Baker,Female,jbaker@yahoo.com,657-095-8095,Russia,782
33,Sebastian,Green,Male,sebastianwaynegreen57@yahoo.com,509-308-0191,Philippines,286
34,Michael,Campbell,Male,michael.campbell@yahoo.com,440-839-1578,United States,540
35,Julian,Martinez,Male,j_r_martinez@yahoo.com,253-474-0686,United States,573
36,Brian,Nelson,Male,brian_nelson@gmail.com,608-936-8731,Belarus,652
37,Victoria,Lewis,Female,v.lewis74@yahoo.com,504-974-3402,Russia,206
38,Alexander,Collins,Male,a.collins71@ymail.com,978-509-3443,France,772
39,Sophia,Davis,Female,s.davis@ymail.com,605-064-0543,Indonesia,978
40,Alexis,Rogers,Female,alexis_j_rogers@yahoo.com,740-333-4934,Czech Republic,791
41,Nathan,Hernandez,Male,nathanahernandez22@yahoo.com,725-943-5618,Brazil,53
42,Alexandra,Wood,Female,alexandra_m_wood67@hotmail.com,424-211-1629,Indonesia,853
43,Samantha,Diaz,Female,ssdiaz@hotmail.com,781-267-8364,Ivory Coast,61
44,Jeremy,Young,Male,jeremycharlesyoung@rocketmail.com,612-660-1318,Greece,777
45,Charlotte,Brooks,Female,charlottebrooks@hotmail.com,563-701-4889,China,388
46,Christina,Lewis,Female,clewis2@outlook.com,828-013-6639,Pakistan,151
47,Jose,Anderson,Male,j_anderson@ymail.com,405-023-7652,Kazakhstan,222
48,Isaac,Peterson,Male,i.j.peterson@aol.com,267-375-6086,Guatemala,355
49,Layla,Reed,Female,ln@gmail.com,614-417-4772,Thailand,502
50,Nathan,Collins,Male,nathan_m_collins@live.com,936-977-9989,Russia,241
51,Heather,Wilson,Female,heather.marie.wilson@ymail.com,575-244-9919,Palestinian Territory,472
52,Erin,Williams,Female,e.l.williams35@yahoo.com,330-088-2382,China,896
53,Aubrey,Garcia,Female,a_garcia@yahoo.com,540-136-6958,Kazakhstan,888
54,Joseph,Turner,Male,josephturner62@gmail.com,626-104-1645,China,752
55,Isaac,Henderson,Male,isaachenderson@rocketmail.com,857-192-6124,Thailand,855
56,Jack,Hayes,Male,jhayes@live.com,518-046-3187,Indonesia,650
57,Nathan,Walker,Male,nathanleewalker10@live.com,513-660-2235,Tunisia,478
58,Sophia,Washington,Female,s.washington@gmail.com,912-488-6915,Cameroon,783
59,Melissa,Hughes,Female,melissa.irene.hughes@gmail.com,540-550-4467,Zimbabwe,971
60,Nicole,Carter,Female,n.m.carter@ymail.com,410-351-1320,Paraguay,577
61,Henry,Peterson,Male,henryd@live.com,206-595-4323,Slovakia,432
62,Jonathan,Butler,Male,jonathan.butler@outlook.com,630-157-7089,China,71
63,Nicole,Brown,Female,n.f.brown@hotmail.com,772-418-2788,Cuba,561
64,Thomas,Hughes,Male,thomasj@gmail.com,515-124-1246,Vietnam,747
65,James,Washington,Male,j_washington8@hotmail.com,731-455-7106,Indonesia,417
66,Brianna,Price,Female,brianna_faith_price@ymail.com,920-251-2646,China,153
67,Owen,Carter,Male,owencarter@aol.com,220-360-8280,Indonesia,5
68,Benjamin,Ramirez,Male,benjamin.ramirez@outlook.com,272-203-1991,China,6
69,Dylan,Long,Male,dylanlong54@yahoo.com,774-206-6770,Kenya,949
70,Audrey,Roberts,Female,amroberts91@hotmail.com,657-135-7503,Colombia,940
71,Alexander,Griffin,Male,alexanderegriffin@live.com,714-688-1068,Brazil,852
72,Thomas,Thomas,Male,td@yahoo.com,423-711-9454,Afghanistan,911
73,Jessica,Bennett,Female,j_bennett@aol.com,929-552-3854,China,615
74,Elizabeth,Rodriguez,Female,e_rodriguez@ymail.com,309-753-7903,South Korea,406
75,Thomas,Jones,Male,t.c.jones@aol.com,818-134-8680,Nigeria,602
76,Eric,Foster,Male,eric_r_foster@live.com,713-168-6253,Brazil,396
77,Megan,Moore,Female,megan.may.moore11@live.com,316-356-1813,Hungary,983
78,Lillian,Clark,Female,l_r_clark@live.com,464-204-9036,Czech Republic,641
79,Nathan,Hill,Male,n_f_hill@aol.com,314-760-4574,Portugal,948
80,Christina,Green,Female,christina.green@rocketmail.com,906-839-8075,Indonesia,239
81,Danielle,Parker,Female,d_f_parker@live.com,561-037-9722,Denmark,406
82,Christopher,Cook,Male,christopher_cook@outlook.com,845-259-0442,Indonesia,151
83,Alexandra,Bryant,Female,a_bryant@rocketmail.com,302-247-3931,Brazil,293
84,Brittany,Richardson,Female,brittany_faith_richardson56@live.com,585-415-3032,China,365
85,Ryan,Rodriguez,Male,ryan.rodriguez@gmail.com,952-076-4701,Indonesia,589
86,James,Jenkins,Male,jejenkins82@outlook.com,848-641-7948,Poland,829
87,Lillian,Simmons,Female,l.simmons@gmail.com,504-903-9007,Philippines,550
88,Maria,Williams,Female,m_l_williams1@yahoo.com,434-973-7097,China,881
89,Alyssa,Gray,Female,a.e.gray@ymail.com,559-459-6626,Syria,149
90,Matthew,Bennett,Male,m.f.bennett@hotmail.com,954-646-4040,China,595
91,Ryan,Bennett,Male,ryan45@hotmail.com,325-874-1957,Greece,466
92,Courtney,Patterson,Female,courtneymarypatterson@aol.com,515-522-8106,Tanzania,523
93,Patrick,Watson,Male,p_c_watson@outlook.com,984-770-7441,China,17
94,Maria,Nelson,Female,m_l@rocketmail.com,959-955-8797,United States,909
95,Joshua,Lopez,Male,j.r.lopez@outlook.com,856-250-4306,Indonesia,900
96,Heather,Flores,Female,h_flores@hotmail.com,689-070-8660,China,979
97,Anna,Wood,Female,annalwood@live.com,215-670-1611,Russia,15
98,Victoria,Clark,Female,v.a@aol.com,813-824-0263,Mauritania,917
99,Benjamin,Robinson,Male,b_j4@hotmail.com,507-633-8645,China,402
100,Kevin,Sanchez,Male,ksanchez@aol.com,971-106-4739,Indonesia,569
101,Haley,Barnes,Female,haley.margaret.barnes@yahoo.com,957-774-2154,China,162
102,Julian,Williams,Male,julianwilliams@gmail.com,770-601-5922,Brazil,773
103,Hannah,Phillips,Female,hannah.mary.phillips@yahoo.com,419-460-9091,Netherlands,187
104,Timothy,Morgan,Male,timothy_morgan@ymail.com,409-288-6898,Sweden,438
105,Dylan,Rodriguez,Male,drodriguez@live.com,201-442-7966,Indonesia,694
106,Danielle,Hall,Female,dhall@hotmail.com,906-423-0335,Guatemala,258
107,Erin,Peterson,Female,e.m78@yahoo.com,347-725-4773,Central African Republic,845
108,Robert,Robinson,Male,robert_f@aol.com,336-163-5425,United Kingdom,54
109,Charles,Allen,Male,charles@hotmail.com,830-296-9111,Palestinian Territory,109
110,Emily,Flores,Female,e.flores31@yahoo.com,412-581-7028,Poland,966
111,Erin,Morgan,Female,erin.morgan@ymail.com,309-822-2372,Indonesia,351
112,Natalie,Hall,Female,natalierhall@aol.com,504-205-7440,Malaysia,609
113,Eleanor,Coleman,Female,elcoleman@yahoo.com,949-426-0598,China,635
114,Mary,Thomas,Female,maryrthomas@hotmail.com,404-481-3178,China,320
115,Anna,Martin,Female,anna_martin@aol.com,772-519-2310,Indonesia,8
116,Kaitlyn,Stewart,Female,kaitlyn.m.stewart@live.com,218-505-6128,China,145
117,Abigail,Lewis,Female,abigail_f_lewis60@gmail.com,818-968-3156,Japan,707
118,Melissa,Brooks,Female,m.r.brooks@outlook.com,814-238-9168,Nauru,79
119,Owen,Johnson,Male,owen.johnson@aol.com,430-276-9808,China,564
120,Timothy,Morgan,Male,t.morgan@live.com,480-288-1057,China,103
121,Amanda,Jenkins,Female,a.a.jenkins@live.com,770-972-8968,Indonesia,695
122,Olivia,Robinson,Female,o_robinson@outlook.com,510-816-6395,United States,34
123,Justin,Moore,Male,jrmoore41@yahoo.com,419-281-8385,Luxembourg,909
124,Mateo,Reed,Male,m_reed31@yahoo.com,540-686-1617,Russia,650
125,Grace,Phillips,Female,gracel37@gmail.com,575-524-5777,China,121
126,Aubrey,Bryant,Female,aubrey.jean.bryant@rocketmail.com,689-812-1575,Libya,539
127,Andrew,Rivera,Male,andrew.alan.rivera@ymail.com,619-038-0790,China,274
128,Samuel,Martin,Male,samuel_t_martin@gmail.com,510-359-9728,France,162
129,Austin,Anderson,Male,afanderson@live.com,952-643-6662,Costa Rica,42
130,Jose,Cox,Male,jose.w.cox@hotmail.com,458-028-9358,Poland,774
131,Natalie,Nelson,Female,natalie.michelle88@ymail.com,615-746-1718,Indonesia,974
132,Jason,Lopez,Male,jason@rocketmail.com,469-355-8181,France,25
133,Benjamin,Coleman,Male,benjamincoleman@live.com,985-816-4669,Indonesia,126
134,Gabriel,Howard,Male,g_s@outlook.com,956-338-2899,Albania,989
135,Christopher,Powell,Male,christopherpowell54@aol.com,430-574-4209,Chad,210
136,Brian,Bryant,Male,brianbryant@rocketmail.com,901-018-9692,Thailand,565
137,Nicole,Foster,Female,n_foster@rocketmail.com,567-836-7205,Peru,570
138,Jose,Hill,Male,josehill@yahoo.com,484-605-5968,Indonesia,538
139,Charlotte,Washington,Female,c.washington55@aol.com,831-448-6899,China,922
140,Kayla,Henderson,Female,kayla@ymail.com,210-781-0978,China,624
141,Maria,Perez,Female,maria.perez@aol.com,716-107-7789,Serbia,461
142,Mark,Moore,Male,m_moore@yahoo.com,617-056-8208,Argentina,320
143,Taylor,Moore,Female,taylor_d_moore32@aol.com,816-688-6038,Russia,603
144,Haley,Davis,Female,haleymariedavis@yahoo.com,743-195-6391,Nicaragua,566
145,Austin,Green,Male,a.c29@yahoo.com,713-504-9709,Finland,887
146,David,Peterson,Male,d_peterson@aol.com,220-145-1800,Czech Republic,462
147,Danielle,Powell,Female,d_l_powell@gmail.com,864-110-0188,China,184
148,Evelyn,Adams,Female,evelyn.adams73@aol.com,847-952-1849,Poland,424
149,David,Green,Male,david.green78@hotmail.com,270-957-3260,Pakistan,366
150,Taylor,Evans,Female,t_evans@aol.com,209-886-7220,Albania,643
151,Oliver,Clark,Male,o_clark@rocketmail.com,464-206-8132,Serbia,91
152,Michelle,Murphy,Female,m_murphy@hotmail.com,975-247-1560,China,621
153,Brianna,Green,Female,b_j@live.com,253-173-3134,South Africa,263
154,Melissa,Howard,Female,m.r@yahoo.com,956-534-0769,Ukraine,40
155,Amanda,Morgan,Female,a.n.morgan@live.com,513-031-0769,China,60
156,Jeremy,Jackson,Male,jeremy.william84@gmail.com,956-711-6138,China,867
157,Isaac,Powell,Male,i.powell@outlook.com,929-061-1990,China,158
158,Sean,Williams,Male,seanwilliams@outlook.com,860-321-5031,Mexico,949
159,Jason,Green,Male,j.j.green@outlook.com,970-846-9899,Hungary,260
160,Melissa,White,Female,m.m.white@rocketmail.com,860-047-5764,China,123
161,Sebastian,Brooks,Male,s.brooks@gmail.com,843-503-2542,Brazil,788
162,Jonathan,Watson,Male,jonathanawatson@outlook.com,929-941-3006,China,804
163,Claire,James,Female,claire_r_james@ymail.com,816-334-1757,Palestinian Territory,958
164,Abigail,White,Female,a.white23@aol.com,563-030-6339,South Sudan,66
165,Jeremy,Miller,Male,jeremy.charles@ymail.com,336-593-5156,Poland,774
166,Kimberly,Green,Female,kimberly.green@outlook.com,952-804-5657,Thailand,466
167,Charlotte,Garcia,Female,charlotte.m@live.com,260-383-5018,China,547
168,Sofia,Ramirez,Female,sofia_m_ramirez@outlook.com,313-222-0370,China,587
169,Allison,Kelly,Female,allison_kelly@outlook.com,361-137-8507,Indonesia,874
170,Aubrey,Hall,Female,a.r56@hotmail.com,507-195-6369,Greece,810
171,Joseph,Rodriguez,Male,joseph.eugene@outlook.com,847-471-3425,Philippines,446
172,Jasmine,Turner,Female,jasmine.turner@outlook.com,718-329-7002,Peru,213
173,Aubrey,Jones,Female,aubrey_i_jones@ymail.com,936-208-4710,Portugal,664
174,Charles,Hall,Male,chall@yahoo.com,857-157-4114,China,426
175,Jason,Simmons,Male,jason_simmons@rocketmail.com,571-696-9513,Indonesia,78
176,Owen,Wood,Male,owenwood@gmail.com,814-208-0442,Japan,886
177,Ryan,Turner,Male,ryan.g.turner@outlook.com,480-976-3702,Japan,364
178,Julian,Barnes,Male,jsbarnes@aol.com,941-967-3557,China,135
179,Emma,Reed,Female,ereed@ymail.com,669-725-8285,Indonesia,286
180,Benjamin,Moore,Male,bmoore@hotmail.com,773-229-0418,Sweden,152
181,Gabriel,Powell,Male,gabrielpowell@gmail.com,314-095-8043,Honduras,43
182,Rebecca,Williams,Female,rebeccam@hotmail.com,719-274-0101,Japan,384
183,Michelle,Harris,Female,m.l.harris@yahoo.com,636-136-4620,Indonesia,232
184,Joseph,Sanders,Male,j_c_sanders@aol.com,832-281-2489,Indonesia,160
185,Layla,Anderson,Female,layla@gmail.com,978-625-8068,New Caledonia,464
186,Jose,Murphy,Male,josedmurphy@rocketmail.com,612-582-1789,Bulgaria,287
187,Kyle,Rivera,Male,k.e.rivera@gmail.com,551-400-0637,China,159
188,Ryan,Brooks,Male,ryan_brooks@outlook.com,517-469-2560,Ukraine,946
189,Olivia,Reed,Female,oliviareed90@hotmail.com,706-157-5050,Brazil,506
190,Joseph,Thompson,Male,josephfthompson@live.com,662-633-1244,China,992
191,Audrey,Mitchell,Female,audrey.k.mitchell@gmail.com,323-499-4043,Albania,95
192,Tyler,Bell,Male,tyler.m@hotmail.com,803-916-8438,Greece,106
193,Tyler,Bryant,Male,tdbryant@aol.com,317-367-9638,Sweden,312
194,Grace,Rodriguez,Female,g_k79@ymail.com,385-963-5336,Finland,824
195,Isabella,Lee,Female,isabellasuelee@ymail.com,540-648-9408,Indonesia,245
196,Samuel,Scott,Male,slscott@gmail.com,865-186-8407,China,898
197,Matthew,Clark,Male,matthew_lee_clark@ymail.com,650-154-3779,Indonesia,551
198,Sean,Hill,Male,sean_a_hill19@rocketmail.com,276-259-4631,China,662
199,Hannah,Morris,Female,h_morris@outlook.com,278-303-9881,Malta,15
200,Haley,Lewis,Female,hlewis@yahoo.com,323-736-5471,China,548
201,Anthony,Walker,Male,anthony.w46@aol.com,434-188-1057,China,248
202,Sebastian,Cook,Male,s.f.cook@aol.com,808-213-7463,China,777
203,Olivia,Baker,Female,o.baker68@aol.com,443-470-9598,Ukraine,994
204,Jose,Hernandez,Male,jose.a.hernandez@rocketmail.com,602-643-7181,Brazil,392
205,Melissa,Scott,Female,mscott@ymail.com,763-954-0671,China,524
206,Sean,Scott,Male,s_s@rocketmail.com,813-350-4696,Portugal,80
207,Amber,Rivera,Female,amberrivera@rocketmail.com,606-543-6063,North Korea,773
208,Robert,Ward,Male,robert.e.ward79@aol.com,281-929-7892,France,74
209,Mateo,Lewis,Male,mateolewis26@aol.com,641-520-1467,Indonesia,399
210,Eric,Wright,Male,e.r.wright@outlook.com,804-533-7661,Philippines,879
211,Jack,Henderson,Male,jhenderson66@rocketmail.com,862-609-2221,Philippines,670
212,Aubrey,Anderson,Female,a_m_anderson@yahoo.com,347-098-2942,Portugal,634
213,Heather,Harris,Female,hr@yahoo.com,765-511-2724,Sweden,962
214,Benjamin,Thompson,Male,benjaminedwardthompson@ymail.com,347-979-6277,Sweden,310
215,Elizabeth,Sanders,Female,elizabeth_e_sanders@live.com,803-548-3953,China,236
216,Kelsey,James,Female,k_j_james@rocketmail.com,626-366-6483,Kazakhstan,617
217,Timothy,Simmons,Male,timothy@outlook.com,812-485-2737,Indonesia,440
218,Mary,Bailey,Female,m.g.bailey@aol.com,907-945-8849,China,181
219,Samantha,Johnson,Female,sjohnson@yahoo.com,336-255-2760,Sweden,709
220,Brianna,Bell,Female,brianna_m_bell@gmail.com,904-636-9060,Ecuador,68
221,Samuel,Clark,Male,s.f@yahoo.com,432-994-9580,Tanzania,655
222,Alexandra,Patterson,Female,a_patterson@gmail.com,848-458-4147,Bosnia and Herzegovina,40
223,Megan,Phillips,Female,mphillips47@ymail.com,331-390-7225,Indonesia,599
224,Lillian,Walker,Female,l.a@gmail.com,470-970-3037,China,658
225,Sophia,Phillips,Female,sophia.phillips@outlook.com,602-182-1028,Portugal,749
226,Victoria,Thompson,Female,v_thompson@hotmail.com,380-753-5874,Lithuania,614
227,Matthew,Patterson,Male,matthewraypatterson@gmail.com,720-733-7954,Bosnia and Herzegovina,418
228,Aubrey,Rivera,Female,a_rivera@gmail.com,612-931-6069,Mongolia,62
229,Owen,Wood,Male,owenalexander@outlook.com,724-709-6696,China,887
230,Layla,Sanders,Female,l_a_sanders@rocketmail.com,608-590-6266,Indonesia,930
231,Christina,White,Female,christinawhite84@yahoo.com,908-258-1636,Tanzania,321
232,Brian,Wood,Male,brian_michael_wood83@yahoo.com,619-431-1534,Czech Republic,921
233,Dylan,Bryant,Male,dbryant@hotmail.com,916-897-6741,Australia,1
234,Audrey,Garcia,Female,agarcia@live.com,808-612-5113,Ukraine,495
235,Dylan,Barnes,Male,d.d.barnes@yahoo.com,814-136-7445,Poland,182
236,Maria,Hall,Female,mariahall@rocketmail.com,201-227-3543,China,529
237,Lillian,White,Female,lillianjwhite@ymail.com,913-958-6800,Indonesia,847
238,Alyssa,Wood,Female,alyssawood3@hotmail.com,517-508-8892,Georgia,99
239,Jennifer,Thomas,Female,jenniferthomas@aol.com,615-775-2194,Philippines,58
240,Lauren,Hall,Female,l_m_hall42@yahoo.com,956-131-3280,China,725
241,Natalie,Hall,Female,n_hall@outlook.com,380-013-3758,Indonesia,24
242,Laura,Bailey,Female,laurag@gmail.com,641-583-5133,Palestinian Territory,195
243,David,Jenkins,Male,david_jenkins@gmail.com,937-717-2776,France,725
244,Rebecca,Brown,Female,rebeccabrown@gmail.com,240-959-1633,Colombia,780
245,Owen,Williams,Male,o_j_williams@hotmail.com,278-025-3738,Mauritius,510
246,Sofia,Coleman,Female,scoleman95@ymail.com,269-730-3546,Philippines,611
247,Timothy,Jenkins,Male,timothy.r.jenkins@live.com,843-186-9146,Mexico,302
248,Samantha,Johnson,Female,samantha_m_johnson@rocketmail.com,361-420-9965,China,438
249,Joshua,Coleman,Male,jlcoleman@yahoo.com,205-786-1748,China,210
250,Abigail,Sanders,Female,abigail_l_sanders@outlook.com,606-631-4426,Yemen,824
251,Justin,Stewart,Male,j_stewart@aol.com,602-971-0342,China,330
252,Kimberly,Kelly,Female,kimberly_g@hotmail.com,629-850-3023,Luxembourg,208
253,Kelsey,Lopez,Female,kelsey.sue.lopez@outlook.com,815-768-1608,Honduras,153
254,Grace,Richardson,Female,grace@hotmail.com,214-398-4501,Kenya,184
255,Olivia,Williams,Female,oliviawilliams@rocketmail.com,927-338-3376,Brazil,574
256,Aaron,Hayes,Male,aaroneugenehayes@hotmail.com,650-144-5807,Philippines,839
257,Michael,Howard,Male,michael@rocketmail.com,703-039-5985,Yemen,540
258,Kyle,Washington,Male,k.washington87@hotmail.com,720-810-6889,Latvia,503
259,Steven,Adams,Male,sj@aol.com,557-948-3120,Portugal,892
260,Natalie,Powell,Female,natalie.powell@rocketmail.com,303-934-1790,China,688
261,Courtney,Rivera,Female,courtney.rivera@outlook.com,479-052-0206,Bosnia and Herzegovina,909
262,Kevin,Barnes,Male,kevin.a.barnes55@ymail.com,732-349-9856,Russia,183
263,Joshua,Diaz,Male,joshua.diaz@outlook.com,679-304-6879,France,999
264,Alexis,Garcia,Female,a_m_garcia@aol.com,864-703-5989,Ukraine,763
265,Maria,Stewart,Female,mariastewart@outlook.com,563-280-2484,Philippines,303
266,Kayla,Torres,Female,ktorres@aol.com,817-632-8994,Malaysia,152
267,Andrew,Rodriguez,Male,a_j_rodriguez49@rocketmail.com,516-111-1267,United States,581
268,Amanda,Torres,Female,a_torres@aol.com,618-482-3010,China,828
269,Christopher,Bell,Male,c_bell41@hotmail.com,858-520-0425,Russia,291
270,Theodore,Rodriguez,Male,t_r_rodriguez@aol.com,262-040-1436,Ukraine,817
271,Sara,Reed,Female,s_g@ymail.com,480-419-3652,Mexico,936
272,Zachary,Davis,Male,zachary_robert_davis@yahoo.com,218-627-9466,Canada,600
273,Jonathan,Bryant,Male,jonathan_joseph_bryant@hotmail.com,740-945-8478,Philippines,469
274,Joseph,Watson,Male,jwatson@outlook.com,704-129-3526,Czech Republic,430
275,Taylor,Sanders,Female,t_j_sanders88@live.com,716-487-1941,Zimbabwe,607
276,Haley,Henderson,Female,haley.henderson@outlook.com,551-647-5984,Martinique,699
277,Andrew,Nelson,Male,andrewanelson@aol.com,610-683-2015,Poland,104
278,Christina,Robinson,Female,crobinson@outlook.com,912-689-2254,Greece,432
279,Jack,Murphy,Male,jackmurphy6@hotmail.com,920-293-2093,Malta,541
280,Alyssa,Young,Female,alyssa.nicole53@rocketmail.com,706-575-5817,Sweden,438
281,Ryan,Ramirez,Male,ryanramirez@live.com,216-602-1011,China,608
282,Eric,Diaz,Male,e_w_diaz@rocketmail.com,464-020-3737,Ukraine,200
283,Jasmine,Stewart,Female,jasmine.a.stewart@yahoo.com,901-708-3377,Bosnia and Herzegovina,398
284,Evelyn,Hall,Female,e.hall22@aol.com,843-262-2211,China,197
285,Haley,Evans,Female,h.f.evans@live.com,470-361-7481,Indonesia,707
286,Brittany,Scott,Female,brittany_faith_scott@hotmail.com,701-710-0376,China,616
287,Kevin,Lee,Male,k_t_lee@gmail.com,603-729-4789,Indonesia,356
288,Jose,Ross,Male,jose.ross@aol.com,651-513-6375,Portugal,830
289,Victoria,Baker,Female,v_l_baker@hotmail.com,610-441-1015,China,581
290,Maria,Cook,Female,maria.marie@gmail.com,850-390-5848,France,150
291,Abigail,Young,Female,abigail_jane@live.com,920-092-5557,Ukraine,924
292,Allison,Adams,Female,a.f.adams@outlook.com,316-405-4459,Indonesia,666
293,David,Flores,Male,d.flores@hotmail.com,630-418-6878,Saudi Arabia,67
294,Maria,Parker,Female,m_parker@outlook.com,760-547-9326,Russia,102
295,Joshua,Bailey,Male,jgbailey@hotmail.com,802-532-4912,Sweden,660
296,Lauren,Roberts,Female,lauren@ymail.com,409-479-4961,Portugal,466
297,Audrey,Ross,Female,audreydross@aol.com,508-676-2454,Russia,370
298,Brandon,Moore,Male,b.moore@live.com,608-099-4187,Indonesia,325
299,Lillian,Walker,Female,lillianmaewalker96@ymail.com,308-752-5129,New Zealand,861
300,Anthony,Powell,Male,a.powell@live.com,719-586-3070,Poland,595
301,Austin,Cox,Male,a.j.cox@gmail.com,209-083-3982,Micronesia,737
302,John,Collins,Male,j.collins@gmail.com,978-366-7489,France,597
303,Allison,Coleman,Female,allison.coleman@live.com,562-652-9747,Madagascar,225
304,Melissa,Collins,Female,melissa_collins@outlook.com,914-097-2729,Philippines,663
305,Samuel,Wood,Male,swood@gmail.com,323-635-7108,Paraguay,12
306,Rachel,Davis,Female,rachel.a.davis@hotmail.com,480-573-5298,Philippines,91
307,William,Bell,Male,william.bell@aol.com,957-265-7831,Netherlands,587
308,Daniel,Anderson,Male,danderson20@live.com,814-836-5108,Indonesia,81
309,Eleanor,Murphy,Female,eleanor.murphy@ymail.com,330-598-8736,Sweden,670
310,Jasmine,Adams,Female,jasmine_adams@hotmail.com,802-789-1789,Russia,483
311,Matthew,Rogers,Male,m.rogers@gmail.com,857-518-5386,Poland,879
312,Alexandra,Martinez,Female,almartinez@yahoo.com,915-778-1213,Indonesia,543
313,Abigail,Morgan,Female,a.morgan@live.com,952-709-8481,Portugal,841
314,Matthew,Rogers,Male,m.a@rocketmail.com,252-034-9245,China,679
315,Kelsey,Bailey,Female,kelsey@live.com,920-333-8509,China,43
316,Kevin,Rivera,Male,kevinallen@ymail.com,935-853-0874,Poland,760
317,Robert,Wright,Male,robert_l_wright27@ymail.com,951-669-2427,Panama,67
318,Andrew,Wood,Male,a_d_wood@ymail.com,442-840-3745,French Polynesia,135
319,Richard,Collins,Male,richardjcollins@aol.com,215-377-2900,China,997
320,Aubrey,Bailey,Female,aubreyjbailey@outlook.com,434-368-3348,Philippines,238
321,Abigail,Jenkins,Female,arjenkins@gmail.com,805-557-3219,Indonesia,122
322,Nathan,Washington,Male,nathanscottwashington@ymail.com,510-982-8725,Papua New Guinea,18
323,Kyle,Phillips,Male,k_a_phillips@ymail.com,617-683-0733,China,944
324,Zachary,Martinez,Male,zjmartinez@gmail.com,801-430-1511,China,698
325,Dylan,Anderson,Male,dylanray@hotmail.com,304-396-0394,Russia,349
326,Brittany,Alexander,Female,brittany.alexander@ymail.com,540-971-4693,Netherlands,789
327,Grace,Washington,Female,grace_washington@rocketmail.com,772-482-4655,China,302
328,Nicole,Bryant,Female,nfbryant@live.com,985-551-0071,Tunisia,92
329,Sofia,Miller,Female,s.miller@ymail.com,679-324-8634,Taiwan,804
330,Brittany,Collins,Female,brittany.kay.collins@hotmail.com,971-467-1501,Indonesia,243
331,Kimberly,Gonzales,Female,k.m.gonzales@outlook.com,920-199-7658,Democratic Republic of the Congo,332
332,Ava,Richardson,Female,ava.michelle.richardson@rocketmail.com,557-694-3769,France,224
333,John,Parker,Male,john_parker@live.com,786-116-7012,Indonesia,810
334,David,Washington,Male,d.washington@gmail.com,657-803-1595,Indonesia,89
335,Andrew,Patterson,Male,awpatterson58@rocketmail.com,435-754-1486,Brazil,853
336,Alyssa,Jackson,Female,alyssa.jackson@yahoo.com,835-168-9251,Ecuador,456
337,Michael,Sanders,Male,michaelsanders@ymail.com,351-450-4124,Colombia,383
338,Stephen,Wilson,Male,stephen_a_wilson@hotmail.com,303-918-1089,Brazil,402
339,Olivia,Phillips,Female,o.e.phillips@live.com,816-201-8345,Colombia,795
340,Theodore,Wright,Male,twwright@gmail.com,619-177-5318,Sweden,620
341,Kimberly,Harris,Female,kimberlyjeanharris@live.com,734-831-9632,South Korea,497
342,Jason,Rogers,Male,jrogers@live.com,347-650-3437,China,876
343,Olivia,Richardson,Female,o.richardson@rocketmail.com,208-840-9901,Portugal,432
344,Mary,Bailey,Female,mary.a.bailey@ymail.com,681-256-5186,Indonesia,930
345,Ava,Hill,Female,ava_m_hill@hotmail.com,304-904-2228,Thailand,537
346,Erin,Gray,Female,erin_renee_gray@gmail.com,608-606-1769,Philippines,395
347,Joshua,Wright,Male,joshua_wright@aol.com,458-952-6412,Poland,803
348,Mateo,Reed,Male,m_reed@ymail.com,863-639-5667,China,100
349,Sofia,Hernandez,Female,sofia.hernandez@live.com,936-476-1169,Bulgaria,894
350,Tyler,Henderson,Male,tyler.henderson@yahoo.com,952-399-3915,Nigeria,274
351,Isabella,Lopez,Female,isabella_m_lopez@ymail.com,858-452-1963,United States,100
352,Erin,Scott,Female,erinscott28@ymail.com,410-550-1561,Dominican Republic,704
353,Thomas,Johnson,Male,tjohnson@ymail.com,223-241-9853,China,110
354,Dylan,Wood,Male,dylan_wood@gmail.com,248-364-9868,Greece,413
355,Grace,Reed,Female,greed41@outlook.com,575-672-7809,Albania,731
356,Jose,Howard,Male,josehoward@aol.com,816-401-8104,Russia,344
357,Michelle,Smith,Female,msmith@ymail.com,339-901-0616,China,944
358,Joshua,Kelly,Male,joshua@live.com,516-102-4534,Serbia,155
359,Joshua,Bailey,Male,j_h_bailey@outlook.com,906-978-2336,China,406
360,Charles,Parker,Male,c.parker@yahoo.com,862-464-6378,China,968
361,Michelle,Green,Female,michelle_green97@rocketmail.com,985-461-7777,Argentina,108
362,Jack,Brown,Male,jack_a_brown@outlook.com,848-028-0938,Portugal,183
363,Owen,Rivera,Male,o_rivera@hotmail.com,816-108-7390,Cambodia,226
364,Alexander,Ross,Male,alexander.alan.ross@aol.com,303-800-1139,France,91
365,Andrew,Martin,Male,andrew.martin@yahoo.com,520-457-8808,Japan,247
366,Claire,Brooks,Female,clairemay@live.com,951-421-2291,Paraguay,866
367,Evelyn,Parker,Female,evelyn@yahoo.com,404-024-3219,Indonesia,781
368,Isabella,Roberts,Female,isabellaroberts55@live.com,305-576-8561,Egypt,811
369,Kaitlyn,Bell,Female,kaitlyn.bell@rocketmail.com,858-607-6429,Peru,682
370,Benjamin,Cook,Male,b_j_cook@hotmail.com,615-827-1856,Greece,951
371,Ava,Flores,Female,arflores@aol.com,818-890-8852,Russia,765
372,Stephen,Bell,Male,stephen.t.bell@outlook.com,762-617-1342,China,187
373,Joseph,Martin,Male,josephmartin@hotmail.com,252-795-3843,Nigeria,683
374,Chelsea,Long,Female,c_long63@gmail.com,484-175-1375,Latvia,895
375,Robert,Bell,Male,r.a.bell27@outlook.com,679-932-1474,Poland,912
376,Sofia,Ward,Female,sofia_ward@outlook.com,704-573-0390,Indonesia,253
377,Aubrey,Campbell,Female,aubrey_campbell@live.com,909-919-1221,Russia,556
378,Samuel,Butler,Male,samuel_r@ymail.com,239-934-1598,Indonesia,265
379,Stephanie,Bell,Female,s_bell@yahoo.com,218-634-0788,Indonesia,953
380,Kyle,Diaz,Male,kylediaz@hotmail.com,985-480-9135,Philippines,705
381,Lauren,Davis,Female,ljdavis16@hotmail.com,815-757-2262,Colombia,996
382,Stephen,Price,Male,s.price@ymail.com,972-910-9958,Chile,684
383,Eric,Adams,Male,ericmatthew@outlook.com,623-364-8540,Vietnam,984
384,Matthew,Thompson,Male,matthew_a_thompson@yahoo.com,689-896-0069,Colombia,719
385,Steven,Ross,Male,sross@live.com,864-507-0487,Canada,764
386,Justin,Williams,Male,j_williams77@ymail.com,301-805-4741,Indonesia,400
387,Justin,Reed,Male,j.reed@outlook.com,754-289-2867,Canada,82
388,Amber,Green,Female,amber_m_green@live.com,314-293-9777,China,155
389,Samantha,Bell,Female,samanthaebell@outlook.com,347-495-4016,China,265
390,Nicholas,Jenkins,Male,nicholasjenkins@gmail.com,862-629-6518,Kazakhstan,799
391,Maria,Parker,Female,maria.parker@aol.com,540-218-1195,Russia,435
392,Jessica,Mitchell,Female,j_mitchell@outlook.com,518-721-7791,China,63
393,Jennifer,Morgan,Female,jennifer.d.morgan@aol.com,430-424-4183,Thailand,610
394,Kimberly,Brooks,Female,kimberly_brooks@yahoo.com,682-139-2780,Poland,740
395,Amelia,Ross,Female,ameliaroseross@aol.com,337-894-3956,United States,156
396,Emma,King,Female,emma.g.king@rocketmail.com,201-050-9219,Indonesia,991
397,Katherine,Hughes,Female,k.hughes@live.com,769-459-1321,Poland,917
398,Lillian,Rogers,Female,l.rogers62@yahoo.com,980-495-0831,Netherlands,168
399,Joshua,Powell,Male,joshua_powell@ymail.com,407-220-8294,United States,518
400,Sophia,Anderson,Female,s_m_anderson@rocketmail.com,714-689-3133,Brazil,803
401,John,Butler,Male,jjbutler44@yahoo.com,307-791-4418,Guam,814
402,Andrew,Wood,Male,andrew@gmail.com,908-125-8290,Russia,343
403,Jessica,Barnes,Female,jessica.r.barnes@hotmail.com,941-210-2462,Iran,224
404,William,Collins,Male,w.a.collins@live.com,906-769-6970,China,452
405,Kayla,Phillips,Female,kn@rocketmail.com,424-018-5169,Brazil,482
406,Hannah,Collins,Female,hannah.collins82@gmail.com,201-370-2914,China,126
407,Danielle,Evans,Female,danielle_r_evans@hotmail.com,434-851-7508,Italy,291
408,Brittany,White,Female,brittanywhite@outlook.com,806-158-8270,Poland,865
409,Jessica,Moore,Female,jessica_grace_moore@aol.com,423-663-0427,Denmark,823
410,Christina,Young,Female,cyoung@yahoo.com,612-843-8141,Brazil,565
411,Dylan,Campbell,Male,d.campbell@yahoo.com,513-328-6648,China,581
412,Haley,Edwards,Female,haley@yahoo.com,848-145-6235,Czech Republic,792
413,Sophia,Phillips,Female,s.phillips@yahoo.com,805-772-4087,China,747
414,Ethan,Roberts,Male,ee@outlook.com,251-341-0594,Madagascar,284
415,Zachary,Brown,Male,zrbrown12@yahoo.com,770-312-7305,Russia,441
416,Kimberly,Johnson,Female,kjohnson@aol.com,815-892-9355,Bangladesh,682
417,Brittany,Rivera,Female,brivera@rocketmail.com,619-712-8872,Indonesia,178
418,Owen,Washington,Male,o.washington@yahoo.com,769-774-6123,China,79
419,Natalie,White,Female,nataliemwhite48@gmail.com,475-452-4731,Portugal,756
420,Courtney,Wilson,Female,courtneylouisewilson@live.com,651-159-7600,China,223
421,Rebecca,Price,Female,rebecca_michelle_price@live.com,847-795-0068,China,777
422,Brandon,Peterson,Male,b.peterson@ymail.com,727-119-6523,China,886
423,Austin,Wilson,Male,a.m@yahoo.com,503-878-6166,China,9
424,Jonathan,Davis,Male,jonathanfrancis@yahoo.com,935-279-1117,Nicaragua,83
425,Kimberly,Carter,Female,k_e_carter@live.com,743-202-6454,France,682
426,Amanda,Robinson,Female,amanda_robinson@live.com,669-344-6065,Indonesia,72
427,Layla,Ross,Female,l_l_ross@aol.com,979-918-2647,Canada,657
428,Alyssa,Perry,Female,a.r.perry@gmail.com,561-256-0102,France,165
429,Steven,Clark,Male,s.clark@hotmail.com,959-893-7058,China,108
430,Haley,Brown,Female,haley_brown25@gmail.com,979-535-5848,Indonesia,265
431,Charles,Flores,Male,c.l.flores@gmail.com,689-022-9381,Russia,519
432,Austin,Griffin,Male,a_griffin16@aol.com,620-700-4271,China,42
433,Oliver,Washington,Male,o_washington@gmail.com,734-886-5759,China,602
434,Tiffany,Robinson,Female,t.j.robinson@gmail.com,952-784-7537,Philippines,364
435,Evelyn,Hughes,Female,e.m81@ymail.com,352-875-3264,Indonesia,490
436,Adam,Anderson,Male,adam@rocketmail.com,737-804-9398,Kazakhstan,606
437,Anthony,Martin,Male,anthony.martin@live.com,919-747-2023,Honduras,675
438,Christina,Diaz,Female,c.diaz@hotmail.com,928-786-6131,China,650
439,Elizabeth,Flores,Female,elizabethflores@live.com,310-664-6005,China,588
440,Sarah,Thompson,Female,sarah.sue.thompson@ymail.com,727-172-7922,China,223
441,Samuel,Phillips,Male,s_h_phillips93@hotmail.com,657-519-9531,Indonesia,56
442,Sophia,Morris,Female,sophia@live.com,714-882-7395,Uzbekistan,123
443,Lauren,Young,Female,laurenyoung@rocketmail.com,805-705-2743,North Korea,503
444,Patrick,Hayes,Male,patrick.alan.hayes@hotmail.com,740-716-0943,Albania,319
445,Mark,Adams,Male,mwadams54@aol.com,804-330-5610,China,583
446,Kaitlyn,Long,Female,kk34@outlook.com,919-700-6080,Panama,164
447,Sofia,Turner,Female,s.turner@ymail.com,253-182-5680,Australia,842
448,Victoria,Carter,Female,vlcarter@yahoo.com,602-873-2096,Ukraine,419
449,James,Torres,Male,j.torres@ymail.com,321-504-0363,Indonesia,411
450,Maria,Wright,Female,maria.f.wright@hotmail.com,603-488-2872,Pakistan,125
451,Natalie,Long,Female,n_long@ymail.com,223-095-1365,Brazil,744
452,Heather,Rodriguez,Female,heatherrodriguez@hotmail.com,817-359-5444,Nicaragua,335
453,Dylan,Davis,Male,ddavis@outlook.com,332-560-4373,Portugal,411
454,Sara,Rivera,Female,sara.grace@rocketmail.com,818-300-8635,Armenia,775
455,Alyssa,Diaz,Female,a_f_diaz@aol.com,951-953-3093,Nigeria,216
456,Tyler,Morris,Male,tyler_morris17@live.com,303-484-4420,Iran,593
457,Chelsea,Howard,Female,c_i_howard@yahoo.com,650-349-5084,Indonesia,457
458,Alexis,Watson,Female,alexis.irene.watson@yahoo.com,858-188-5182,Indonesia,82
459,John,Campbell,Male,j.campbell@gmail.com,541-083-4674,Philippines,333
460,Eleanor,Ross,Female,eleanor.m.ross@aol.com,219-896-8554,Brazil,151
461,Sara,Flores,Female,s.flores@rocketmail.com,906-299-9472,Croatia,395
462,Kyle,Hill,Male,kylefhill@aol.com,920-739-2306,Colombia,841
463,Alyssa,Perry,Female,alyssa_perry63@live.com,641-148-3748,Russia,162
464,Amelia,Ross,Female,amelia.renee.ross@live.com,970-940-9269,Philippines,639
465,Joseph,Evans,Male,j.r.evans@aol.com,248-110-3003,Myanmar,165
466,Haley,Walker,Female,h_e@yahoo.com,808-297-6136,Egypt,13
467,Courtney,Williams,Female,courtneyrwilliams14@hotmail.com,949-492-9877,Sweden,271
468,Michael,King,Male,m.j.king@gmail.com,703-143-7988,China,960
469,William,Young,Male,w.f.young@gmail.com,272-919-8245,Poland,297
470,Brandon,Hughes,Male,brandon.hughes@ymail.com,907-904-2580,South Africa,704
471,Layla,Carter,Female,laylamichellecarter@gmail.com,307-977-7277,Costa Rica,155
472,Thomas,Brooks,Male,thomas@yahoo.com,772-789-6685,Philippines,719
473,Allison,Watson,Female,allisonkaywatson@hotmail.com,616-405-2356,Sierra Leone,603
474,Charlotte,Sanders,Female,charlottesanders20@hotmail.com,360-076-6577,Czech Republic,211
475,Dylan,Brooks,Male,d.brooks99@outlook.com,434-436-7701,Argentina,561
476,Anthony,Baker,Male,a_baker@live.com,478-678-1310,Poland,170
477,Steven,Morris,Male,s_morris@gmail.com,209-104-5708,United States,154
478,Justin,Ramirez,Male,j.ramirez@yahoo.com,947-405-1821,Philippines,360
479,Olivia,Allen,Female,olivia_lee@rocketmail.com,414-123-5375,Philippines,805
480,Daniel,Nelson,Male,daniel_nelson58@yahoo.com,629-749-1955,Finland,837
481,Richard,Jenkins,Male,rjenkins@aol.com,810-348-8191,Philippines,103
482,Kelsey,Bennett,Female,k_l_bennett16@aol.com,935-186-2598,Indonesia,701
483,John,Morris,Male,jmorris@hotmail.com,618-643-5847,China,942
484,Isaac,Rogers,Male,i_rogers@aol.com,814-853-9068,Philippines,668
485,Oliver,Richardson,Male,orichardson@aol.com,616-137-4515,China,169
486,Mark,Hayes,Male,m_w_hayes@live.com,225-003-4243,Russia,698
487,Jason,Adams,Male,j.e.adams74@live.com,610-524-3079,South Africa,773
488,Grace,Hernandez,Female,gracehernandez@outlook.com,262-456-3681,Indonesia,218
489,Isaac,Powell,Male,isaac_a_powell@live.com,253-409-8016,Indonesia,555
490,Benjamin,Hill,Male,benjamin.hill8@yahoo.com,754-969-0730,El Salvador,552
491,Adam,Mitchell,Male,adam_mitchell@outlook.com,720-076-0500,Ukraine,91
492,Aaron,Brown,Male,aaronbrown@yahoo.com,667-182-8748,Czech Republic,552
493,Sara,Flores,Female,slflores84@aol.com,984-630-3855,Mozambique,344
494,Danielle,Thomas,Female,daniellethomas@yahoo.com,628-482-4722,China,438
495,Henry,Nelson,Male,h.w.nelson@outlook.com,724-140-4641,Sweden,231
496,Aubrey,Gray,Female,am@ymail.com,747-562-7966,Cameroon,299
497,Emma,Henderson,Female,eghenderson@gmail.com,810-807-4091,Russia,989
498,Christina,Foster,Female,christina70@live.com,331-613-7703,Philippines,381
499,Daniel,Taylor,Male,d.d.taylor20@rocketmail.com,308-206-8145,Venezuela,315
500,Jasmine,Campbell,Female,jasmine_m_campbell5@live.com,701-435-0337,Syria,882
501,Christina,Thomas,Female,c_thomas55@ymail.com,484-987-0119,China,179
502,Lillian,Ramirez,Female,l.ramirez32@outlook.com,605-414-0001,China,897
503,Ava,Hayes,Female,avarosehayes@ymail.com,916-104-8196,China,570
504,Mary,Hughes,Female,mary.hughes@outlook.com,929-129-0444,Indonesia,516
505,Brittany,Ross,Female,b.a.ross76@rocketmail.com,925-396-3892,Philippines,228
506,Brandon,Turner,Male,brandonturner67@yahoo.com,301-965-6420,Philippines,402
507,Oliver,Garcia,Male,olivergarcia@rocketmail.com,813-011-9518,China,920
508,Aaron,Butler,Male,a_t_butler@aol.com,307-015-2525,China,920
509,Ethan,Miller,Male,e.l.miller@rocketmail.com,203-086-2353,Ukraine,308
510,Adam,Lopez,Male,a_d@yahoo.com,929-197-7068,Indonesia,830
511,Timothy,Hayes,Male,timothy.hayes@hotmail.com,706-765-3348,Portugal,451
512,Eleanor,Johnson,Female,e.m.johnson@hotmail.com,815-142-4401,China,514
513,Mateo,Powell,Male,mpowell@yahoo.com,845-144-7690,United States,254
514,Steven,Richardson,Male,stevenrichardson@ymail.com,812-312-2825,Sweden,415
515,Lillian,Williams,Female,lillian.l.williams@rocketmail.com,480-371-3167,Thailand,818
516,Amelia,Hughes,Female,alhughes@gmail.com,252-164-4460,Albania,491
517,Joshua,Edwards,Male,j_a_edwards@gmail.com,927-421-0087,Italy,293
518,Sophia,Sanders,Female,ssanders@gmail.com,380-077-4256,Peru,366
519,Anthony,Miller,Male,a_miller@ymail.com,217-551-5941,Dominican Republic,530
520,Heather,Collins,Female,hmcollins@ymail.com,283-632-4518,Thailand,897
521,Brandon,Simmons,Male,brandon@yahoo.com,907-666-1715,China,336
522,Danielle,Morgan,Female,danielle73@outlook.com,334-532-4429,Japan,160
523,Zachary,Davis,Male,z_m_davis@ymail.com,412-125-0065,Philippines,172
524,Anthony,Hayes,Male,anthony_l_hayes@outlook.com,210-928-9991,Brazil,83
525,Audrey,Carter,Female,audrey@hotmail.com,334-181-4605,Senegal,38
526,Claire,Cox,Female,claire.cox11@live.com,614-409-4154,Indonesia,47
527,Emily,Washington,Female,ewashington@ymail.com,610-509-9544,China,861
528,Ava,Morgan,Female,a.r.morgan@rocketmail.com,503-601-6772,Bulgaria,981
529,Haley,Rodriguez,Female,h_rodriguez@yahoo.com,224-053-2915,China,607
530,Evelyn,Robinson,Female,evelyn.robinson@yahoo.com,919-669-2125,Brazil,869
531,Charlotte,Green,Female,c.l.green@hotmail.com,616-506-3632,China,119
532,Ashley,Sanchez,Female,ashley_m_sanchez@yahoo.com,276-248-8951,China,860
533,Megan,Harris,Female,meganharris@aol.com,913-898-7726,France,439
534,Aiden,Morgan,Male,aiden_allen_morgan43@rocketmail.com,270-424-6751,South Korea,981
535,Austin,Jackson,Male,austin.jackson@yahoo.com,352-308-1446,Philippines,812
536,Stephen,Cox,Male,stephen_a_cox@gmail.com,936-203-9872,China,428
537,Alyssa,Brooks,Female,a_brooks98@aol.com,325-043-1765,Philippines,560
538,Kaitlyn,Richardson,Female,kaitlynrose23@aol.com,928-808-9768,Russia,132
539,Aaron,Henderson,Male,aehenderson@live.com,601-767-7211,Serbia,514
540,Eleanor,Brown,Female,e.r@ymail.com,567-967-4351,Nigeria,855
541,William,Foster,Male,williamfrancisfoster@live.com,808-840-2530,Malta,636
542,Andrew,Allen,Male,awallen@outlook.com,651-745-8408,Indonesia,218
543,Julian,Ward,Male,j_j_ward58@aol.com,912-409-0227,Japan,236
544,Melissa,Brown,Female,m.brown@gmail.com,863-736-8292,Brazil,341
545,Richard,Gray,Male,richardleegray3@ymail.com,669-625-7568,Portugal,261
546,Isabella,Adams,Female,isabella_sue@gmail.com,617-498-2357,Portugal,97
547,Steven,Perez,Male,steven_scott_perez@hotmail.com,734-227-4923,Indonesia,608
548,Andrew,Watson,Male,a.watson@gmail.com,562-275-1737,Peru,812
549,Aiden,Thomas,Male,a.thomas@gmail.com,425-473-0039,Canada,64
550,Timothy,Roberts,Male,t.a@rocketmail.com,720-155-9708,Dominican Republic,727
551,Alexis,Rogers,Female,a_rogers@aol.com,628-982-6917,Germany,688
552,David,Gray,Male,davidgray87@yahoo.com,510-379-8210,Venezuela,433
553,Matthew,Price,Male,m.price@ymail.com,814-699-2939,Colombia,891
554,Ashley,Bailey,Female,al7@rocketmail.com,917-345-1759,China,449
555,Robert,Washington,Male,rwashington@outlook.com,901-156-6116,Indonesia,2
556,Hannah,Ross,Female,hannah_ross@hotmail.com,970-712-8663,China,228
557,Nathan,Coleman,Male,n.coleman@ymail.com,754-723-2645,Russia,195
558,Ashley,Jenkins,Female,ashley.r.jenkins96@rocketmail.com,276-161-5956,China,540
559,Sebastian,Martinez,Male,sebastian_charles_martinez87@gmail.com,980-467-1933,Palestinian Territory,451
560,Isaac,Martinez,Male,isaac.lee@aol.com,201-287-9200,China,866
561,Brian,Washington,Male,b_j_washington77@live.com,281-064-0316,Nigeria,362
562,Jack,Hall,Male,jackhall@rocketmail.com,479-290-3231,Vietnam,384
563,Amanda,Reed,Female,a.reed78@rocketmail.com,424-487-6870,Sweden,6
564,Alexander,Watson,Male,atwatson81@yahoo.com,808-767-5011,Norway,825
565,Sarah,Miller,Female,sarah.faith.miller@hotmail.com,458-166-6594,China,725
566,Jonathan,Ward,Male,jeward@live.com,551-195-0465,Bulgaria,892
567,Alyssa,Allen,Female,alyssaanneallen@aol.com,862-419-4735,Greece,867
568,Elizabeth,Henderson,Female,e.r.henderson76@live.com,508-575-4006,Russia,453
569,Adam,Hernandez,Male,a.hernandez@outlook.com,909-286-3904,China,465
570,James,Allen,Male,jamesaallen@outlook.com,479-664-9786,Saudi Arabia,37
571,Grace,Smith,Female,grace.louise.smith@aol.com,806-353-5010,Azerbaijan,157
572,Mark,Perez,Male,mark@rocketmail.com,747-404-5294,China,614
573,Haley,Taylor,Female,h.taylor54@yahoo.com,660-081-8492,Serbia,642
574,Maria,Roberts,Female,maria.michelle.roberts@hotmail.com,913-237-3804,China,165
575,Jasmine,Rodriguez,Female,jasmine.rodriguez@ymail.com,409-106-2407,Sweden,560
576,Sean,Bryant,Male,seanbryant@yahoo.com,662-937-4592,Estonia,673
577,Victoria,Hayes,Female,v.hayes@outlook.com,573-651-8254,China,694
578,Rachel,Lewis,Female,r.r.lewis@yahoo.com,301-564-3565,Poland,989
579,Aaron,Wright,Male,a.wright83@rocketmail.com,641-402-1302,Egypt,264
580,Thomas,Peterson,Male,thomas@live.com,832-592-8948,Italy,542
581,Michael,White,Male,m.white@ymail.com,814-870-8648,Indonesia,452
582,Matthew,Barnes,Male,mjbarnes@ymail.com,954-151-5187,China,188
583,Kevin,Young,Male,k.t@gmail.com,808-457-8791,Iran,636
584,Alexandra,Parker,Female,alexandra_jane@outlook.com,850-511-2577,Macedonia,393
585,William,Moore,Male,w.r.moore@aol.com,914-240-4182,China,348
586,Mark,Collins,Male,m_w90@outlook.com,515-583-0203,China,188
587,Sara,Baker,Female,s.baker@live.com,732-643-3787,Poland,121
588,Jason,Long,Male,jason_long@aol.com,215-872-3895,China,324
589,Oliver,Ward,Male,oliver@gmail.com,541-521-2942,Brazil,626
590,Michael,Morris,Male,m_morris@hotmail.com,571-625-2549,China,940
591,Michelle,Hernandez,Female,m_g_hernandez@gmail.com,302-078-4735,Vietnam,420
592,Nathan,Kelly,Male,n.kelly@outlook.com,845-629-3325,China,426
593,Chelsea,Thompson,Female,cithompson@aol.com,862-440-5081,Croatia,712
594,Dylan,Edwards,Male,d.s.edwards@aol.com,316-002-9703,Cambodia,911
595,Jonathan,Harris,Male,jonathan_harris@aol.com,510-723-1561,China,699
596,Tyler,Lopez,Male,tyler_andrew_lopez@live.com,972-304-2421,Czech Republic,331
597,Timothy,Scott,Male,timothy_scott@outlook.com,641-189-0029,China,129
598,Emily,Williams,Female,e_williams@ymail.com,203-738-5318,Indonesia,259
599,Owen,Young,Male,oyoung@live.com,407-255-3681,Philippines,664
600,Lauren,Rodriguez,Female,lrodriguez@live.com,561-762-5737,Tunisia,313
601,Jasmine,Taylor,Female,jasmine_taylor@live.com,978-831-5580,Peru,806
602,Ashley,Ward,Female,amward@rocketmail.com,608-409-1153,France,748
603,Jose,Ramirez,Male,josescottramirez38@hotmail.com,417-058-8135,China,878
604,Sebastian,Perez,Male,sebastian_g_perez@outlook.com,208-662-4512,United States,918
605,Audrey,Alexander,Female,audrey@gmail.com,603-657-5115,Iran,526
606,Aubrey,Watson,Female,aubrey_n_watson@outlook.com,757-967-8784,Ivory Coast,368
607,Joshua,Clark,Male,jhclark@live.com,904-576-1072,Philippines,275
608,Haley,Harris,Female,haley98@aol.com,503-032-8234,Indonesia,969
609,Isabella,Peterson,Female,isabellajanepeterson@gmail.com,223-207-2056,China,804
610,Layla,Brooks,Female,l.brooks90@rocketmail.com,470-273-4251,Kosovo,979
611,Alyssa,Bailey,Female,abailey@aol.com,585-819-0847,China,535
612,Timothy,Roberts,Male,timothy.w@hotmail.com,925-553-0215,Tunisia,219
613,Michael,Turner,Male,michael_david_turner46@outlook.com,831-374-2860,Portugal,198
614,Layla,Davis,Female,layla.davis@outlook.com,501-763-2065,China,917
615,Eric,Evans,Male,eaevans@yahoo.com,862-764-7250,China,59
616,Heather,Peterson,Female,heather.peterson@live.com,957-764-1612,Canada,963
617,Andrew,Brooks,Male,andrew@aol.com,630-074-3936,Poland,945
618,Anthony,Stewart,Male,a_h_stewart@live.com,267-541-7314,Russia,269
619,Aaron,Powell,Male,a.powell@ymail.com,929-116-1611,Mexico,224
620,Ava,Scott,Female,ava.k@hotmail.com,229-906-0399,Argentina,369
621,Adam,Davis,Male,awdavis@aol.com,636-758-1234,Colombia,280
622,Alexander,Torres,Male,alexander_torres@live.com,225-182-4351,Thailand,583
623,Jose,Collins,Male,jcollins@gmail.com,859-730-0215,Indonesia,449
624,Kyle,Washington,Male,kyle_h_washington@rocketmail.com,757-224-8690,Russia,815
625,Gabriel,Phillips,Male,g.phillips@gmail.com,949-250-4890,Thailand,325
626,Emily,Butler,Female,emilyjbutler@ymail.com,712-267-1632,Honduras,196
627,Dylan,Thompson,Male,d_thompson@yahoo.com,702-740-5320,China,596
628,Ashley,Ward,Female,ashleysueward@hotmail.com,434-858-9516,Indonesia,139
629,Timothy,Reed,Male,t.a.reed@ymail.com,352-895-1171,Russia,665
630,Anna,Barnes,Female,anna_barnes@hotmail.com,719-296-1346,Latvia,1000
631,Aaron,Jackson,Male,ajackson@aol.com,763-251-3123,Norway,351
632,Jason,Mitchell,Male,jjmitchell@rocketmail.com,754-271-2956,Poland,246
633,Rachel,Cook,Female,rrcook@rocketmail.com,425-612-1292,Kenya,424
634,Rachel,Baker,Female,rachel@ymail.com,401-600-4307,Indonesia,330
635,Danielle,Gray,Female,dgray@live.com,737-059-2494,China,887
636,Danielle,Nelson,Female,daniellerenee@hotmail.com,203-478-8147,France,78
637,Laura,Cook,Female,l_l@hotmail.com,307-150-9970,Thailand,961
638,Evelyn,Hill,Female,evelynhill@rocketmail.com,601-032-2917,China,538
639,Austin,Miller,Male,amiller@hotmail.com,914-560-2804,Indonesia,110
640,Adam,Murphy,Male,adam.a.murphy@gmail.com,703-427-7698,Portugal,865
641,James,Perry,Male,jamesperry61@ymail.com,502-712-7735,Philippines,163
642,Nicole,Ramirez,Female,nramirez@ymail.com,404-889-2854,United States,61
643,Nathan,Jenkins,Male,nathantjenkins19@ymail.com,347-927-1820,Indonesia,90
644,Christopher,Jackson,Male,christopher.jackson@outlook.com,539-215-3075,China,610
645,Sarah,Taylor,Female,sarah.taylor34@yahoo.com,769-177-7473,Russia,146
646,Sarah,Miller,Female,sarah.miller@ymail.com,305-234-3014,Japan,647
647,Kevin,Alexander,Male,k.a.alexander@yahoo.com,575-192-6363,Syria,976
648,Eleanor,Thompson,Female,eleanor.r.thompson@hotmail.com,772-395-6413,Indonesia,328
649,Andrew,Johnson,Male,ajohnson@ymail.com,765-476-4428,Sweden,328
650,Layla,Thomas,Female,l.thomas@ymail.com,317-030-1907,China,208
651,Jessica,Murphy,Female,jessicajmurphy@gmail.com,414-585-8800,Nigeria,981
652,Abigail,Gonzales,Female,abigail_kay@rocketmail.com,417-511-9190,China,318
653,Charles,Richardson,Male,charles.lee.richardson59@aol.com,520-165-5574,Czech Republic,333
654,Dylan,Hill,Male,d.m.hill33@yahoo.com,402-869-5410,France,679
655,Mateo,Garcia,Male,mateogarcia@rocketmail.com,814-666-5347,Yemen,983
656,Jose,Hughes,Male,jose.hughes@ymail.com,862-964-9611,China,293
657,Ryan,Parker,Male,r_j_parker@yahoo.com,608-690-7130,Guatemala,192
658,Layla,Jackson,Female,layla.irene.jackson76@live.com,816-611-3015,Thailand,754
659,Adam,Gray,Male,agray@hotmail.com,689-436-6165,Indonesia,478
660,Melissa,Patterson,Female,mrpatterson@rocketmail.com,917-482-6816,China,300
661,Ava,Smith,Female,asmith@live.com,765-488-3006,China,914
662,Danielle,Williams,Female,daniellewilliams82@ymail.com,435-010-1479,Brazil,677
663,Claire,Edwards,Female,claire.edwards77@live.com,309-990-1932,Ukraine,260
664,Ryan,James,Male,ryan@hotmail.com,228-531-8463,Russia,359
665,Rebecca,Watson,Female,rebecca.irene.watson22@hotmail.com,603-821-4123,Mexico,129
666,Amanda,Lopez,Female,amanda@gmail.com,580-131-6573,Azerbaijan,209
667,Rachel,Reed,Female,r_r_reed@rocketmail.com,253-408-4395,Poland,163
668,Charles,Harris,Male,charlesrharris46@hotmail.com,973-482-6693,Vietnam,299
669,Maria,Bennett,Female,maria.bennett@outlook.com,812-756-0161,Peru,788
670,Christina,Williams,Female,c_l_williams64@yahoo.com,405-189-7887,Albania,677
671,David,Watson,Male,david.scott.watson@yahoo.com,828-872-4941,Indonesia,863
672,Mark,Baker,Male,mfbaker70@live.com,239-424-7463,Sierra Leone,402
673,Dylan,Ward,Male,d_g_ward19@ymail.com,251-121-3754,Thailand,691
674,James,Miller,Male,james.richard@ymail.com,210-980-9797,Portugal,816
675,Nathan,Russell,Male,n_russell@yahoo.com,442-438-6700,Kosovo,339
676,Christina,Morris,Female,christina_m@gmail.com,551-478-2027,Peru,334
677,Maria,Ross,Female,maria_ruth_ross@hotmail.com,479-277-9183,Poland,676
678,Isabella,White,Female,i_white@hotmail.com,850-090-1757,Iran,440
679,Anna,Baker,Female,a.baker64@outlook.com,720-135-2865,Colombia,670
680,John,Bailey,Male,jmbailey@ymail.com,657-826-7819,Sweden,297
681,Emily,Washington,Female,e.washington89@outlook.com,717-409-0965,Portugal,903
682,Sophia,Anderson,Female,s_f@outlook.com,614-493-8273,Zambia,575
683,Jack,Torres,Male,j_torres@yahoo.com,620-345-4541,Philippines,416
684,Steven,Green,Male,steven.joseph.green@outlook.com,412-671-8150,Indonesia,185
685,Michael,White,Male,m_white@hotmail.com,713-964-4110,Philippines,60
686,Kaitlyn,Hernandez,Female,kaitlyn_hernandez@hotmail.com,513-205-4354,Japan,76
687,Samuel,Collins,Male,s_f@aol.com,347-619-9831,Indonesia,501
688,Samantha,Russell,Female,samantha_mae_russell@aol.com,346-908-8985,Cyprus,435
689,Kimberly,Diaz,Female,k_m@rocketmail.com,815-215-9684,Indonesia,844
690,Erin,Taylor,Female,e.taylor98@ymail.com,520-448-0844,United Kingdom,957
691,Michael,Murphy,Male,m_murphy@rocketmail.com,941-126-5116,Nigeria,855
692,Brian,Rivera,Male,brian_rivera76@outlook.com,803-596-5081,China,895
693,Michelle,Coleman,Female,michelle.coleman@rocketmail.com,225-198-9349,Russia,631
694,Eleanor,Sanchez,Female,ejsanchez@aol.com,203-163-3175,China,823
695,Olivia,Baker,Female,o.l.baker@hotmail.com,908-692-1538,Greece,963
696,Jack,Bailey,Male,j.c.bailey@yahoo.com,719-521-1919,Philippines,666
697,Kelsey,Young,Female,k.g.young@outlook.com,609-416-0650,Czech Republic,360
698,John,Rogers,Male,johnrogers66@outlook.com,478-992-0557,Philippines,970
699,Claire,Lee,Female,claire_lee@ymail.com,218-178-8753,Pakistan,788
700,Joshua,Adams,Male,joshua.adams@yahoo.com,614-015-3617,Yemen,320
701,Brian,Stewart,Male,b_stewart@live.com,262-581-2727,Indonesia,659
702,Jason,Cooper,Male,j_d_cooper@gmail.com,585-357-5813,Poland,325
703,Adam,Bailey,Male,adam_m_bailey@live.com,770-385-6880,Colombia,546
704,Lauren,Mitchell,Female,l_j_mitchell@ymail.com,917-512-5866,Philippines,447
705,Jose,Reed,Male,jreed@rocketmail.com,515-457-1681,Ukraine,487
706,Alexander,Lee,Male,a_lee78@outlook.com,551-721-7947,South Korea,163
707,Mark,Diaz,Male,markraydiaz@outlook.com,606-910-8368,Kyrgyzstan,410
708,Rachel,Clark,Female,rclark@live.com,224-068-9078,Russia,220
709,Amber,Smith,Female,ambersmith@gmail.com,262-282-9472,Brazil,356
710,David,Brown,Male,david19@live.com,631-148-7738,Egypt,39
711,Charlotte,Edwards,Female,c.edwards@ymail.com,504-851-9904,Indonesia,499
712,Kimberly,Bryant,Female,k.bryant@yahoo.com,225-692-8253,China,965
713,Megan,Brooks,Female,meganmaybrooks@gmail.com,816-723-1921,Brazil,583
714,Ashley,Phillips,Female,aiphillips@gmail.com,318-432-8547,Sweden,676
715,Evelyn,Collins,Female,evelynacollins@rocketmail.com,779-237-3644,Portugal,623
716,Victoria,Coleman,Female,victoriacoleman@rocketmail.com,629-614-7605,Canada,444
717,Taylor,Walker,Female,t_walker@hotmail.com,816-192-8022,Peru,227
718,Michael,Allen,Male,m_allen95@live.com,810-422-7787,China,906
719,Jeremy,Hill,Male,j.l.hill@ymail.com,557-461-3067,Indonesia,17
720,Timothy,Russell,Male,trrussell@hotmail.com,251-822-9379,Indonesia,138
721,Kyle,Powell,Male,kyle@ymail.com,757-018-7758,Czech Republic,364
722,Jeremy,Cox,Male,jcox@live.com,720-894-1383,Tanzania,815
723,Sarah,Russell,Female,sarah.sue.russell@rocketmail.com,720-993-4248,United States,334
724,Jessica,Miller,Female,jessica.miller@live.com,316-668-4511,Kazakhstan,154
725,Anna,Phillips,Female,anna.g.phillips@gmail.com,773-188-0388,China,823
726,Evelyn,Reed,Female,e.reed@aol.com,304-274-7532,China,87
727,Samantha,Hernandez,Female,samantha.l.hernandez@yahoo.com,564-037-0475,Portugal,762
728,Jason,Harris,Male,j_f_harris82@rocketmail.com,240-000-5244,Syria,15
729,Richard,Henderson,Male,richard.henderson@live.com,608-157-1643,Peru,774
730,Brittany,Campbell,Female,bcampbell@hotmail.com,206-294-1284,United States,728
731,Mark,Ramirez,Male,mark@yahoo.com,806-760-2701,Nigeria,253
732,Laura,Phillips,Female,lmphillips@rocketmail.com,248-071-4756,China,100
733,Oliver,Perry,Male,oliver_j_perry17@aol.com,318-869-2322,China,514
734,Kelsey,Hill,Female,kelsey_k@yahoo.com,908-475-2318,Moldova,759
735,Kaitlyn,Ramirez,Female,k.ramirez@aol.com,304-752-9125,Israel,362
736,Owen,Martinez,Male,owen@outlook.com,954-596-4327,Czech Republic,284
737,Henry,Brooks,Male,henry_r_brooks@rocketmail.com,915-510-5419,Vietnam,967
738,Thomas,Hill,Male,t_hill@outlook.com,831-544-3155,Sweden,309
739,Victoria,Moore,Female,victoria58@live.com,952-052-5888,Indonesia,554
740,Robert,Simmons,Male,r.simmons@gmail.com,973-146-0063,Indonesia,768
741,Justin,Johnson,Male,justincjohnson@rocketmail.com,424-496-6989,Russia,890
742,Amber,Richardson,Female,amberrichardson@gmail.com,586-047-2080,Philippines,622
743,Alexis,Lewis,Female,alexis.sue.lewis@yahoo.com,252-196-8867,Colombia,306
744,Aaron,Taylor,Male,a_taylor@aol.com,515-221-5966,China,899
745,Isabella,Turner,Female,isabella@rocketmail.com,859-971-5400,Australia,845
746,Isaac,Clark,Male,i.r.clark81@aol.com,772-715-1373,Afghanistan,181
747,Courtney,Walker,Female,courtney_m_walker@yahoo.com,913-000-5936,China,831
748,Amelia,Washington,Female,a.washington@outlook.com,972-254-5762,Indonesia,941
749,Sean,Russell,Male,s.russell@yahoo.com,609-202-6976,Poland,703
750,Jason,Reed,Male,jason15@ymail.com,845-867-3089,Russia,596
751,Ethan,Griffin,Male,ethan@outlook.com,301-284-6692,China,801
752,Nicole,Powell,Female,nicole_rose_powell@outlook.com,212-426-9359,Greece,965
753,Mark,Bailey,Male,mark.bailey@gmail.com,334-244-9536,Argentina,6
754,Jeremy,Hayes,Male,jhayes76@hotmail.com,203-131-2310,South Africa,438
755,Sophia,Anderson,Female,s_m31@live.com,615-727-0100,Indonesia,379
756,Ryan,Green,Male,r_j_green@rocketmail.com,405-005-8706,Indonesia,818
757,Kimberly,Perez,Female,kimberly.perez@ymail.com,952-408-7218,Gabon,137
758,Amanda,Jackson,Female,amanda.nicole.jackson@hotmail.com,210-259-8993,Philippines,818
759,Abigail,Jenkins,Female,amjenkins@live.com,847-623-6755,Nigeria,113
760,Timothy,Watson,Male,t_g_watson@hotmail.com,734-861-7339,China,149
761,Jasmine,Hall,Female,jasmine_may@live.com,651-060-4755,China,484
762,William,Walker,Male,william.walker@rocketmail.com,603-682-1174,Colombia,458
763,Ethan,Jackson,Male,e_jackson@hotmail.com,989-498-1320,Finland,671
764,Richard,Stewart,Male,r.stewart@aol.com,985-392-8096,China,703
765,Joseph,Baker,Male,joseph.r.baker@hotmail.com,220-819-5676,United States,441
766,Isaac,Rogers,Male,irrogers@ymail.com,409-026-8361,Indonesia,406
767,Anthony,Hill,Male,ahill@outlook.com,605-981-4480,Philippines,456
768,Thomas,Evans,Male,t.j.evans@hotmail.com,205-015-9635,Argentina,979
769,Daniel,Kelly,Male,daniel_alexander_kelly@aol.com,464-335-9623,Cyprus,101
770,Lauren,Cox,Female,lauren@hotmail.com,984-715-7599,Tanzania,301
771,Christina,Barnes,Female,christina_lou_barnes@outlook.com,941-362-8288,Peru,220
772,David,White,Male,david.white@gmail.com,585-780-7864,France,882
773,Nicole,Richardson,Female,nicole.d.richardson@hotmail.com,307-935-9678,Tanzania,605
774,Andrew,Edwards,Male,adedwards@live.com,812-871-3985,Philippines,298
775,Ava,Thomas,Female,ava_i_thomas@outlook.com,305-105-1985,Argentina,582
776,Henry,Diaz,Male,henry_m@outlook.com,442-879-7596,Sweden,654
777,Eleanor,Hall,Female,e_m_hall@hotmail.com,551-486-8844,Russia,443
778,Evelyn,Harris,Female,evelyn_harris@live.com,561-213-6039,China,173
779,Victoria,Adams,Female,vmadams@ymail.com,347-477-8266,Argentina,270
780,Patrick,Adams,Male,patrick.thomas.adams@yahoo.com,351-861-6003,China,23
781,Joseph,Washington,Male,j_m@yahoo.com,860-134-6090,United Kingdom,9
782,Alyssa,Hill,Female,alyssa_i_hill@gmail.com,530-536-4359,Philippines,806
783,Courtney,Jones,Female,c.m.jones10@yahoo.com,931-465-9247,Poland,19
784,Daniel,White,Male,daniel_white@rocketmail.com,505-360-3920,United States,795
785,Megan,Russell,Female,megandawn@yahoo.com,239-261-3693,Japan,101
786,Timothy,Allen,Male,tallen@live.com,970-001-0912,Cameroon,769
787,Steven,Martinez,Male,sa@live.com,510-122-3337,China,482
788,Daniel,Edwards,Male,danieledwards@outlook.com,323-571-7429,Brazil,373
789,Justin,Reed,Male,j.reed@hotmail.com,206-265-4644,China,85
790,Kevin,Evans,Male,k.evans@ymail.com,234-780-2790,Portugal,973
791,Alexander,Brooks,Male,a_a_brooks@outlook.com,682-566-1412,Philippines,840
792,Hannah,Bennett,Female,h_l_bennett@rocketmail.com,984-729-5533,American Samoa,17
793,Nicole,Russell,Female,nicole.russell32@aol.com,935-321-9750,Japan,517
794,Emily,Patterson,Female,emily@ymail.com,770-002-7338,Brazil,452
795,Jeremy,Green,Male,jeremywilliamgreen@ymail.com,225-464-8467,China,121
796,Ashley,Rodriguez,Female,ashley.r@rocketmail.com,630-095-2817,Sweden,957
797,Mary,Nelson,Female,m.l@yahoo.com,779-921-4757,Bolivia,191
798,Elizabeth,Russell,Female,elizabeth_l_russell87@outlook.com,314-099-7875,Philippines,202
799,Kelsey,Moore,Female,kelsey.moore@hotmail.com,727-868-6092,Sweden,780
800,Zachary,Gonzales,Male,zacharygonzales@ymail.com,927-762-8858,Mexico,797
801,Aubrey,Foster,Female,a.foster88@hotmail.com,931-277-5757,China,861
802,Alexandra,Russell,Female,alexandra.s@live.com,754-268-3206,Kazakhstan,847
803,Hannah,James,Female,h_james19@gmail.com,319-140-1388,China,637
804,Rebecca,Green,Female,rgreen@gmail.com,561-507-8874,Brazil,684
805,Tiffany,Ward,Female,t.ward@yahoo.com,657-650-9698,Russia,932
806,Adam,Flores,Male,adamflores@yahoo.com,504-195-9162,Canada,418
807,Jason,Perez,Male,jason43@gmail.com,919-424-0370,Peru,121
808,Alexandra,Simmons,Female,alexandrasimmons@outlook.com,918-708-1541,China,354
809,Brianna,Washington,Female,bwashington@aol.com,337-815-9401,South Africa,992
810,Ethan,Peterson,Male,elpeterson@live.com,714-679-8824,China,978
811,Alyssa,Anderson,Female,a_anderson@yahoo.com,828-103-9256,Czech Republic,422
812,Jasmine,Cooper,Female,jasminecooper@rocketmail.com,209-959-0526,Argentina,149
813,Benjamin,Campbell,Male,benjamin@aol.com,567-242-2656,China,643
814,Allison,Clark,Female,allisonclark13@aol.com,629-180-3345,Philippines,165
815,Patrick,Perez,Male,patrick_perez@gmail.com,256-808-6057,Nigeria,767
816,Michelle,Alexander,Female,m.a.alexander87@gmail.com,267-479-2047,Japan,192
817,Steven,Howard,Male,smhoward@hotmail.com,754-291-2617,Canada,410
818,Emma,Smith,Female,e.l.smith15@outlook.com,272-286-1864,Bolivia,857
819,Charles,Allen,Male,c.a.allen@outlook.com,551-439-1318,Brazil,641
820,Julian,Williams,Male,julian_williams33@hotmail.com,234-707-4754,Canada,977
821,Kevin,Lee,Male,kevinlee@gmail.com,737-232-0823,Morocco,650
822,Kaitlyn,Martinez,Female,k_l_martinez@live.com,620-108-6288,Poland,196
823,Amber,Bailey,Female,amber_marie_bailey@gmail.com,510-854-0596,Sudan,645
824,Sara,Turner,Female,s.turner@hotmail.com,315-909-5220,Laos,687
825,Zachary,James,Male,zachary.g.james@live.com,835-213-5743,Venezuela,517
826,Jennifer,Gonzales,Female,jennifer.m.gonzales@live.com,432-701-3174,Czech Republic,131
827,Evelyn,Roberts,Female,emroberts@yahoo.com,361-858-3147,France,313
828,Chelsea,Edwards,Female,c.edwards@gmail.com,315-120-4196,Poland,963
829,Alexis,Scott,Female,alexis_irene_scott68@live.com,225-624-0429,Portugal,510
830,David,Henderson,Male,david.w@ymail.com,206-595-5080,Indonesia,554
831,Katherine,Perez,Female,katherinesperez@live.com,616-683-3375,Pakistan,743
832,Michelle,Campbell,Female,ml@ymail.com,607-620-4282,Germany,259
833,Aubrey,Lee,Female,a.k.lee@rocketmail.com,919-565-2123,Indonesia,681
834,Chelsea,Johnson,Female,c.johnson@aol.com,906-575-5692,Thailand,49
835,Brian,Baker,Male,b_e_baker86@outlook.com,618-017-5579,Indonesia,554
836,Aubrey,James,Female,aubrey.james@gmail.com,386-750-7260,China,520
837,Matthew,Hill,Male,matthewahill@yahoo.com,810-455-1654,Indonesia,927
838,Jasmine,Walker,Female,jasmine.nicole.walker@ymail.com,234-052-2279,China,235
839,Sean,Rodriguez,Male,sean_eugene_rodriguez@hotmail.com,320-668-7551,Indonesia,195
840,Ashley,Jackson,Female,ashley_jackson23@ymail.com,484-281-1863,Indonesia,842
841,Brittany,Moore,Female,brittany_moore60@ymail.com,562-422-1161,China,393
842,Alexis,Jenkins,Female,a_jenkins@yahoo.com,631-723-6295,United States,882
843,Isabella,Thomas,Female,isabella_l_thomas@ymail.com,224-991-3491,South Africa,830
844,Ashley,Lee,Female,ashley_jean@yahoo.com,929-401-4542,Philippines,228
845,Austin,Garcia,Male,austin.j.garcia@yahoo.com,215-273-4520,Myanmar,634
846,Aiden,James,Male,aajames@gmail.com,915-844-7471,Kazakhstan,748
847,Nathan,Allen,Male,nallen@outlook.com,331-048-6600,China,889
848,Kayla,Parker,Female,k.parker@ymail.com,760-652-4234,Vietnam,604
849,Tiffany,Baker,Female,t_baker47@ymail.com,346-503-2453,China,421
850,Evelyn,Garcia,Female,eagarcia@aol.com,272-657-6855,China,250
851,Victoria,White,Female,v_white@ymail.com,850-969-2578,Afghanistan,341
852,Julian,Parker,Male,j.parker59@gmail.com,951-238-2477,Philippines,303
853,Mary,Jones,Female,mmjones@gmail.com,743-221-7002,China,777
854,Joshua,Young,Male,joshua_w_young@ymail.com,989-334-2635,Poland,260
855,Michael,Perez,Male,michael_j@gmail.com,413-201-2580,Poland,161
856,Sofia,Collins,Female,sacollins@aol.com,464-489-9128,Philippines,226
857,Nicholas,Garcia,Male,nicholasgarcia@rocketmail.com,802-292-2008,Sweden,644
858,Abigail,Powell,Female,abigail_lynn_powell@outlook.com,423-418-0011,Bangladesh,714
859,Samuel,Evans,Male,samuel79@rocketmail.com,430-059-8772,China,287
860,Brandon,Thomas,Male,b.r@gmail.com,772-444-8644,Myanmar,776
861,Isabella,Walker,Female,isabellarwalker@live.com,304-058-2388,Estonia,721
862,Alexis,Torres,Female,a.torres78@outlook.com,707-774-9572,China,588
863,Timothy,Coleman,Male,t.a.coleman@ymail.com,605-967-1100,Japan,778
864,Olivia,Alexander,Female,o.g.alexander@yahoo.com,935-670-2459,China,906
865,Victoria,Gray,Female,victoriamgray@aol.com,620-787-3924,Philippines,292
866,Jonathan,Miller,Male,jmiller@live.com,332-146-6401,South Africa,646
867,Joseph,Howard,Male,josephedwardhoward84@live.com,864-439-8960,Poland,787
868,Amelia,Martinez,Female,amelia@hotmail.com,678-147-1582,Croatia,230
869,Jasmine,Garcia,Female,jasmine_l_garcia@yahoo.com,667-995-8472,Poland,343
870,Emma,Bailey,Female,e.bailey@ymail.com,743-476-2855,Philippines,368
871,Joseph,Roberts,Male,jjroberts@yahoo.com,609-151-5182,Indonesia,508
872,Brittany,Long,Female,b.i.long@yahoo.com,318-842-4601,Niger,197
873,Theodore,Ross,Male,t.ross@live.com,984-721-1393,China,517
874,Tiffany,Mitchell,Female,t_m_mitchell@live.com,260-707-9036,China,706
875,Christopher,Green,Male,c.s.green@live.com,682-884-8031,France,90
876,Brandon,Young,Male,b.j.young@outlook.com,979-967-9542,Indonesia,521
877,Emily,Jackson,Female,e.jackson@hotmail.com,714-903-8839,Spain,666
878,James,Nelson,Male,j.nelson@yahoo.com,267-417-1480,Guatemala,553
879,Tiffany,Davis,Female,tiffany_davis@live.com,804-129-6124,Indonesia,647
880,Kyle,Bell,Male,k.t.bell@outlook.com,754-911-4812,France,508
881,Brianna,Brooks,Female,brianna@rocketmail.com,219-597-3693,Libya,512
882,Anna,Hernandez,Female,a_hernandez@hotmail.com,539-677-2493,Peru,829
883,Brittany,Ramirez,Female,brittanyramirez@ymail.com,770-482-7372,Colombia,366
884,Lauren,Wood,Female,lswood@hotmail.com,413-448-0513,Pakistan,981
885,Nicholas,Hughes,Male,nicholas_hughes44@ymail.com,956-699-1324,Germany,690
886,Jessica,Kelly,Female,jessica@live.com,957-458-3433,France,946
887,Charlotte,Roberts,Female,c_s@live.com,561-074-1764,South Korea,346
888,Charles,Diaz,Male,charlesdiaz@aol.com,612-647-0996,Haiti,933
889,Natalie,Baker,Female,n_baker72@hotmail.com,330-029-6556,Indonesia,394
890,Joshua,Thomas,Male,joshua_a_thomas@live.com,862-445-6650,Mexico,873
891,Kaitlyn,Ramirez,Female,k.ramirez@gmail.com,316-801-4946,Ukraine,624
892,Jason,Griffin,Male,j.m.griffin@gmail.com,320-085-2068,Greece,975
893,Danielle,Hernandez,Female,danielle.d.hernandez@aol.com,907-552-6726,Slovenia,652
894,Courtney,Rodriguez,Female,courtney.rodriguez@aol.com,918-976-3094,Netherlands,797
895,Gabriel,Watson,Male,gabrielwatson@live.com,716-109-6906,Indonesia,462
896,Kimberly,Ross,Female,k.ross3@rocketmail.com,570-266-9858,Nigeria,501
897,Stephen,Rivera,Male,stephenrivera90@yahoo.com,404-756-1008,Colombia,837
898,Jack,Rogers,Male,jackrogers@hotmail.com,610-486-2432,Portugal,663
899,Jonathan,Jenkins,Male,jjenkins@rocketmail.com,910-520-8812,Brazil,213
900,Julian,Williams,Male,julianrwilliams@ymail.com,607-568-0676,Indonesia,890
901,Gabriel,Clark,Male,g_clark@outlook.com,562-831-7762,China,708
902,Jose,Jones,Male,j.jones@rocketmail.com,501-885-3050,Palestinian Territory,300
903,Sebastian,Howard,Male,sebastian.howard@yahoo.com,407-308-4499,Philippines,694
904,Aiden,Peterson,Male,aiden_joseph@yahoo.com,628-893-4321,Ukraine,112
905,Amelia,Edwards,Female,a.edwards94@live.com,557-562-7234,Indonesia,583
906,Kaitlyn,Roberts,Female,k_m_roberts@ymail.com,931-412-5036,China,33
907,Christopher,Gonzales,Male,c.gonzales@outlook.com,857-593-2015,France,582
908,Allison,Cook,Female,a_cook@ymail.com,772-817-7375,China,778
909,Lillian,Hill,Female,l_hill@live.com,283-753-8284,Russia,110
910,Chelsea,Cooper,Female,chelsea_cooper8@live.com,623-077-4600,China,123
911,Samantha,Reed,Female,s_reed@rocketmail.com,802-808-8871,Togo,749
912,Mateo,Sanchez,Male,mateo_anthony_sanchez30@live.com,781-362-3911,Philippines,33
913,Thomas,Young,Male,t_young@ymail.com,469-845-5366,Iran,387
914,Rebecca,Taylor,Female,rebecca_f_taylor@yahoo.com,605-283-7562,Malaysia,610
915,Amelia,Jackson,Female,amelia_jackson@gmail.com,224-993-3345,Colombia,573
916,Kyle,Smith,Male,kyle_joseph_smith37@yahoo.com,954-845-0542,Mongolia,875
917,Joseph,Richardson,Male,jdrichardson@rocketmail.com,214-019-4863,Egypt,640
918,Owen,Allen,Male,owen@rocketmail.com,872-361-7240,Bulgaria,969
919,Kimberly,Gray,Female,kimberly.gray@gmail.com,254-184-1329,Indonesia,300
920,Brianna,Washington,Female,brianna_washington@yahoo.com,646-067-3378,Albania,646
921,Isabella,Turner,Female,iturner@live.com,562-137-6795,Macedonia,61
922,Mark,Scott,Male,mark@gmail.com,206-201-3676,Brazil,946
923,Jose,Allen,Male,jose@hotmail.com,731-176-8671,Colombia,864
924,Sean,White,Male,seanwhite@yahoo.com,713-563-3546,Brazil,500
925,Aubrey,Brooks,Female,abrooks@hotmail.com,774-390-1999,Sudan,899
926,Joseph,Sanders,Male,joseph_charles_sanders@outlook.com,215-953-6204,Colombia,450
927,Henry,Barnes,Male,henry_a_barnes@rocketmail.com,352-753-5038,Spain,547
928,Jeremy,Washington,Male,j.e.washington@ymail.com,720-395-2017,Germany,40
929,Stephen,Flores,Male,s.flores74@gmail.com,272-743-9571,Russia,224
930,Nicole,Parker,Female,n_parker@live.com,574-279-2525,Thailand,182
931,Kayla,Garcia,Female,kayla_garcia@ymail.com,906-915-4231,Russia,847
932,Henry,Garcia,Male,henryjgarcia@live.com,248-410-8299,China,468
933,Brittany,Lee,Female,brittany_s_lee94@aol.com,220-509-8239,Philippines,445
934,Samantha,White,Female,samantha.may.white@hotmail.com,971-361-1630,Portugal,834
935,Charlotte,Hughes,Female,c.r.hughes21@gmail.com,432-135-3009,Luxembourg,973
936,Henry,James,Male,h_t_james@aol.com,484-925-7270,Germany,369
937,Samantha,James,Female,samantha.james@rocketmail.com,754-268-2992,Russia,142
938,Kyle,Carter,Male,kyle_carter@live.com,603-303-0053,Brazil,541
939,Austin,Davis,Male,a_davis@hotmail.com,319-152-1471,Indonesia,995
940,Thomas,Nelson,Male,t_nelson@outlook.com,667-213-1383,Ethiopia,119
941,Brandon,Foster,Male,brandon_m_foster@ymail.com,743-564-3754,China,119
942,Mary,Reed,Female,mary.j@outlook.com,936-512-2256,Philippines,113
943,Katherine,Anderson,Female,katherine.anderson@aol.com,272-125-3687,Bolivia,473
944,Aubrey,Peterson,Female,a_peterson@hotmail.com,617-695-9004,Lithuania,715
945,Ava,Bailey,Female,a_r_bailey@hotmail.com,617-046-3101,China,443
946,Sofia,Clark,Female,sofia.mae.clark@yahoo.com,208-577-5616,Syria,730
947,Joshua,Carter,Male,joshuarichardcarter@outlook.com,907-456-0793,Indonesia,16
948,Ashley,Collins,Female,a.collins@aol.com,959-466-5689,China,400
949,Henry,Torres,Male,htorres@outlook.com,507-641-1813,Kazakhstan,692
950,Sean,Morris,Male,sean.morris34@ymail.com,248-109-7693,Indonesia,506
951,Brianna,Clark,Female,bkclark@ymail.com,717-588-7357,Philippines,13
952,Amanda,Howard,Female,amandahoward34@rocketmail.com,832-555-7023,Indonesia,74
953,Samuel,Moore,Male,samuel@live.com,380-310-8091,Canada,116
954,Alyssa,Clark,Female,a_clark@outlook.com,978-526-6120,Czech Republic,384
955,Megan,Patterson,Female,megan.i.patterson71@outlook.com,606-285-4567,Sweden,777
956,Haley,Murphy,Female,haley_murphy@hotmail.com,530-005-7012,Colombia,263
957,Kayla,Powell,Female,kapowell84@aol.com,916-889-8290,Peru,587
958,Owen,Rogers,Male,orogers46@live.com,806-214-0592,Russia,155
959,Tyler,Evans,Male,tyler_a_evans@hotmail.com,331-344-1684,Japan,960
960,Aaron,Patterson,Male,aaron.d.patterson@live.com,218-464-3407,Serbia,764
961,Taylor,Bell,Female,taylorjanebell@aol.com,201-689-1662,Sweden,753
962,Aiden,Rogers,Male,a.d.rogers@aol.com,916-744-9729,China,59
963,Sophia,Rogers,Female,sophia_a_rogers@hotmail.com,330-791-3561,Palestinian Territory,753
964,Richard,Griffin,Male,richardgriffin@aol.com,510-468-6300,Poland,720
965,Charlotte,Griffin,Female,clgriffin@live.com,618-431-9299,Sweden,816
966,Samuel,Baker,Male,s_baker@ymail.com,412-003-3127,Portugal,155
967,Ava,Bailey,Female,a.f.bailey@yahoo.com,615-455-6654,Russia,497
968,Tiffany,Taylor,Female,t_taylor@live.com,629-154-6441,Russia,38
969,Stephen,Anderson,Male,stephen.w@yahoo.com,539-512-4651,Indonesia,743
970,Sean,Perez,Male,s_w_perez@gmail.com,515-921-8070,Kyrgyzstan,177
971,Zachary,King,Male,zaking74@outlook.com,931-999-5898,Mexico,437
972,Stephen,Wilson,Male,stephen.a.wilson@aol.com,609-360-2652,Philippines,509
973,Hannah,Rogers,Female,hannah.rogers57@gmail.com,773-934-0593,Ecuador,876
974,Alexis,Howard,Female,a_howard@aol.com,616-910-8007,Iran,173
975,Henry,Miller,Male,hrmiller@hotmail.com,517-792-3693,Portugal,917
976,Eric,Butler,Male,e.m.butler@rocketmail.com,954-820-7957,Ukraine,715
977,Erin,Lopez,Female,ejlopez56@rocketmail.com,510-800-5766,Philippines,897
978,Stephen,Brown,Male,stephenbrown@live.com,330-136-8188,China,675
979,Haley,Kelly,Female,h_kelly@outlook.com,303-859-4148,Vietnam,593
980,Sarah,Harris,Female,s.a.harris@gmail.com,856-817-2030,Indonesia,499
981,Christopher,Turner,Male,cturner64@ymail.com,812-188-2005,France,48
982,Theodore,Lee,Male,theodorerlee@yahoo.com,563-368-1861,United States,994
983,Ethan,Lee,Male,ethan_lee@ymail.com,361-264-7050,China,704
984,Kayla,Powell,Female,kayla_powell94@hotmail.com,862-094-6299,Thailand,426
985,Richard,Young,Male,r_w@outlook.com,989-310-4497,China,596
986,Brandon,Kelly,Male,brandon_kelly@hotmail.com,423-860-3375,Portugal,801
987,David,Lewis,Male,dlewis@ymail.com,818-848-6180,Ecuador,666
988,Amber,Washington,Female,awashington@ymail.com,203-324-7459,Sweden,967
989,Natalie,Stewart,Female,natalie_m@aol.com,305-706-7644,Indonesia,503
990,Nathan,Edwards,Male,nathan_s_edwards41@gmail.com,316-400-2449,China,640
991,Jose,Griffin,Male,joseedwardgriffin@rocketmail.com,720-697-9942,Brazil,921
992,Nathan,Mitchell,Male,nathanhenrymitchell@outlook.com,916-416-1330,Indonesia,52
993,Hannah,Parker,Female,h_d_parker2@gmail.com,414-788-7213,Indonesia,44
994,Lillian,King,Female,lmking@rocketmail.com,763-133-8169,Albania,884
995,Joshua,Lewis,Male,joshua.lewis@live.com,202-385-3676,Poland,229
996,Kayla,Barnes,Female,kbarnes@rocketmail.com,559-850-2073,Indonesia,420
997,Jason,Butler,Male,jason_thomas_butler36@aol.com,720-967-0230,France,989
998,Mateo,Hughes,Male,mhughes@aol.com,682-846-6493,Nigeria,608
999,Audrey,Griffin,Female,a_griffin@gmail.com,715-081-9065,Russia,893
1000,John,Butler,Male,john_david@yahoo.com,269-710-0046,Portugal,767
